date,symbol,mention_count_today,unique_authors,source_breadth,subreddit_breadth,community_breadth,news_count_today,stocktwits_mentions,reddit_mentions,avg_signal_strength,avg_engagement,max_watchlist_count,source_list,community_list
2026-03-17,VCX,1,1,1,0,1,0,1,0,1.0,1.1,8100,stocktwits,stocktwits
2026-03-18,VCX,1,1,1,0,1,0,1,0,1.0,1.0,8120,stocktwits,stocktwits
2026-03-19,VCX,0,0,0,0,0,0,0,0,1.0,0.0,8120,,
2026-03-20,VCX,1,1,1,0,1,0,1,0,1.0,1.2,8140,stocktwits,stocktwits
2026-03-21,VCX,1,1,1,0,1,0,1,0,1.0,1.1,8160,stocktwits,stocktwits
2026-03-22,VCX,2,2,1,0,1,0,2,0,1.0,1.4,8200,stocktwits,stocktwits
2026-03-23,VCX,1,1,1,0,1,0,1,0,1.0,1.2,8250,stocktwits,stocktwits
2026-03-17,QBTS,4,4,2,1,2,0,2,2,1.0,1.7,43000,"reddit,stocktwits","stocks,wallstreetbets"
2026-03-18,QBTS,5,4,2,1,2,0,2,3,1.0,1.8,43200,"reddit,stocktwits","stocks,wallstreetbets"
2026-03-19,QBTS,3,3,2,1,2,0,2,1,1.0,1.4,43400,"reddit,stocktwits","stocks,wallstreetbets"
2026-03-20,QBTS,4,4,2,1,2,0,2,2,1.0,1.6,43600,"reddit,stocktwits","stocks,wallstreetbets"
2026-03-21,QBTS,4,4,2,1,2,0,2,2,1.0,1.5,43800,"reddit,stocktwits","stocks,wallstreetbets"
2026-03-22,QBTS,5,5,2,1,2,0,2,3,1.0,1.9,44000,"reddit,stocktwits","stocks,wallstreetbets"
2026-03-23,QBTS,4,4,2,1,2,0,2,2,1.0,1.7,44200,"reddit,stocktwits","stocks,wallstreetbets"
2026-03-17,SOUN,6,5,2,1,2,0,3,3,1.0,2.0,281000,"reddit,stocktwits","pennystocks,stocktwits"
2026-03-18,SOUN,7,6,2,1,2,0,3,4,1.0,2.1,282500,"reddit,stocktwits","pennystocks,stocktwits"
2026-03-19,SOUN,8,6,2,1,2,1,4,4,1.0,2.2,283500,"reddit,stocktwits","pennystocks,stocktwits"
2026-03-20,SOUN,7,6,2,1,2,0,3,4,1.0,2.0,284000,"reddit,stocktwits","pennystocks,stocktwits"
2026-03-21,SOUN,6,5,2,1,2,0,3,3,1.0,1.9,285000,"reddit,stocktwits","pennystocks,stocktwits"
2026-03-22,SOUN,8,7,2,1,2,1,4,4,1.0,2.3,286500,"reddit,stocktwits","pennystocks,stocktwits"
2026-03-23,SOUN,7,6,2,1,2,0,3,4,1.0,2.1,288000,"reddit,stocktwits","pennystocks,stocktwits"
2026-03-17,PLTR,12,10,2,2,3,1,6,6,1.0,3.5,1500000,"reddit,stocktwits","options,stocks,stocktwits"
2026-03-18,PLTR,14,12,2,2,3,1,7,7,1.0,3.8,1505000,"reddit,stocktwits","options,stocks,stocktwits"
2026-03-19,PLTR,13,11,2,2,3,1,7,6,1.0,3.6,1510000,"reddit,stocktwits","options,stocks,stocktwits"
2026-03-20,PLTR,15,13,2,2,3,1,8,7,1.0,3.9,1515000,"reddit,stocktwits","options,stocks,stocktwits"
2026-03-21,PLTR,14,12,2,2,3,1,7,7,1.0,3.8,1520000,"reddit,stocktwits","options,stocks,stocktwits"
2026-03-22,PLTR,16,13,2,2,3,1,8,8,1.0,4.0,1525000,"reddit,stocktwits","options,stocks,stocktwits"
2026-03-23,PLTR,15,12,2,2,3,1,8,7,1.0,3.9,1530000,"reddit,stocktwits","options,stocks,stocktwits"
2026-03-17,NVDA,18,15,2,2,3,1,9,9,1.0,4.4,2500000,"reddit,stocktwits","investing,stocks,stocktwits"
2026-03-18,NVDA,20,16,2,2,3,1,10,10,1.0,4.7,2510000,"reddit,stocktwits","investing,stocks,stocktwits"
2026-03-19,NVDA,19,16,2,2,3,1,10,9,1.0,4.5,2520000,"reddit,stocktwits","investing,stocks,stocktwits"
2026-03-20,NVDA,21,17,2,2,3,1,11,10,1.0,4.8,2530000,"reddit,stocktwits","investing,stocks,stocktwits"
2026-03-21,NVDA,20,16,2,2,3,1,10,10,1.0,4.6,2540000,"reddit,stocktwits","investing,stocks,stocktwits"
2026-03-22,NVDA,22,18,2,2,3,1,11,11,1.0,4.9,2550000,"reddit,stocktwits","investing,stocks,stocktwits"
2026-03-23,NVDA,21,17,2,2,3,1,11,10,1.0,4.8,2560000,"reddit,stocktwits","investing,stocks,stocktwits"
